,Test Date,Zip code,Env,Mileage,Condition,VIN,OfferPrice,OfferPrice,OfferPrice,OfferPrice,OfferPrice,OfferPrice,OfferPrice,OfferPrice,OfferPrice,OfferPrice,OfferPrice
Source,,,,,,,Cargurus,Carmax,Cars,Carvana,Driveway,Edmunds,KBB_ICO,Peddle,Sellmax,TrueCar,Vroom
0,18-07-2023,33060,Staging,16000,good,JTDEAMDE8MJ025289,No offer.,22400,22575,16264,,No offer,Already an active offer,8605,8605,No offer,20992
1,18-07-2023,33304,Staging,45372,good,1GT12REY2KF249157,No offer.,44000,45850,39394,,No offer,47674,20655,20655,No offer,43598
2,18-07-2023,33317,Staging,33990,good,5N1AA0ND3EN603866,No offer.,16000,14425,18851,,No offer,16500,2565,2565,No offer,16635
3,18-07-2023,33342,Staging,13185,good,WDDWJ8HB2HF515205,No offer.,No offer.,51925,39487,No offer.,No offer,No offer.,No offer.,21690,No offer,24629
4,18-07-2023,33441,Staging,55726,good,WBA3N3C5XFK234115,No offer.,15000,14350,13615,,No offer,12750,6300,6300,No offer,11835
5,19-07-2023,33062,Staging,9540,good,5NTJDDAF9NH025770,No offer.,We'd like to see your Hyundai Santa Cruz,28650,31024,,No offer,"Sorry, your vehicle doesn't qualify for an Instant Cash Offer",10620,10620,No offer,30588
6,20-07-2023,3057,Staging,57949,good,1C4RJFCG8DC607347,No offer.,16000,15050,16686,,No offer,10398,4155,4155,No offer,11433
7,20-07-2023,34997,Staging,25103,good,1FMCU0H67LUA47514,No offer.,18400,19025,16475,,No offer,Already an active offer,6315,6315,No offer,17619
8,24-07-2023,1463,Staging,33000,good,KL4CJASB8JB582184,No offer.,15000,12800,13727,,No offer,14876,4015,4015,No offer,12714
9,24-07-2023,1824,Staging,19900,good,1C6JJTEG4NL103928,No offer.,We'd like to see your Jeep Gladiator,38250,37345,,No offer,39466,18990,18990,No offer,19365
10,24-07-2023,1824,Staging,166624,good,SCBGU3ZA8EC087736,No offer.,We'd like to see your Bentley Continental,33800,No offer,No offer,No offer,This vehicle isn't eligible for an Instant Cash Offer.,9675,9675,No offer,0
11,24-07-2023,1827,Staging,155000,good,1C4RDHAG6CC169755,No offer.,2500,3500,4294,,No offer,5445,2195,2195,No offer,3284
12,24-07-2023,1886,Staging,60000,good,1G1ZE5ST1GF218333,No offer.,11400,9775,6545,,No offer,11197,2655,2655,No offer,10650
13,24-07-2023,3048,Staging,33316,good,1FTEW1C52JKC86022,No offer.,26000,21950,23735,,No offer,27710,8960,8960,No offer,26594
14,24-07-2023,3054,Staging,7331,good,1N6BA1F44GN501540,No offer.,31000,27975,19540,,No offer,"Sorry, your vehicle doesn't qualify for an Instant Cash Offer",9610,9610,No offer,15452
15,24-07-2023,3062,Staging,15538,good,1GCGSCEA7N1131309,No offer.,26000,24275,24524,,No offer,25414,6515,6515,No offer,26348
16,24-07-2023,3064,Staging,38248,good,3GTU2PEJXJG347399,No offer.,37000,34400,31414,,No offer,37646,12610,12610,No offer,32557
17,24-07-2023,3103,Staging,25000,good,3GTU2PEJXJG347399,No offer.,38600,35950,31481,,No offer,Already an active offer,12895,12895,No offer,No offer.
18,24-07-2023,3103,Staging,25000,good,KL79MMS27MB068160,No offer.,18400,17050,19951,,No offer,18766,4390,4390,No offer,19472
19,24-07-2023,3109,Staging,33968,good,1HGCV1F36JA222092,No offer.,21000,19350,19952,,No offer,20937,8255,8255,No offer,9290
20,24-07-2023,3110,Staging,32639,good,55SWF4JB3JU266565,No offer.,22000,20900,18662,,No offer,19726,9065,9065,No offer,21819
21,25-07-2023,1810,Staging,9900,good,1HGCV1F48NA069455,No offer.,25000,26450,21838,,No offer,25610,10255,10255,No offer,23194
22,25-07-2023,1810,Staging,9900,good,2C3CDZC99LH104071,No offer.,We'd like to see your Dodge Challenger Hellcat,56850,49421,,No offer,Already an active offer,20470,20470,No offer,No offer.
23,25-07-2023,1876,Staging,13500,good,2C3CDZC99LH104071,No offer.,We'd like to see your Dodge Challenger Hellcat,55375,48674,,No offer,Already an active offer,20470,20470,No offer,60043
24,25-07-2023,329440,Staging,53436,good,5FNYF6H93JB010404,No offer.,No offer,24625,No offer.,No offer.,No offer,No offer.,No offer.,No offer,No offer,24379
25,25-07-2023,33062,Staging,98884,good,SAJWJ2GD0D8V50948,No offer.,We'd like to see your Jaguar XJ,9775,5745,,No offer,"Sorry, your vehicle doesn't qualify for an Instant Cash Offer",2360,2360,No offer,5851
26,25-07-2023,33069,Staging,60146,good,1N4AL3AP2HC206266,No offer.,11000,13250,7973,,No offer,10978,3015,3015,No offer,11969
27,25-07-2023,33304,Staging,58566,good,WDDZF4JB6KA515343,No offer.,22400,26000,21101,,No offer,22854,12970,12970,No offer,26622
28,25-07-2023,33317,Staging,80000,good,5XXGM4A76DG237800,No offer.,5000,6225,3777,,No offer,5423,1960,1960,No offer,4807
29,25-07-2023,33317,Staging,80000,good,WDDZF4JB6KA515343,No offer.,19000,22750,16851,,No offer,Already an active offer,11565,11565,No offer,No offer.
30,25-07-2023,33441,Staging,31338,good,KL4CJASB8JB582184,No offer.,14400,11625,14357,,No offer,Already an active offer,4425,4425,No offer,13447
31,25-07-2023,33442,Staging,50369,good,4T1BE46K19U853115,No offer.,5400,5225,5550,,No offer,6085,1860,1860,No offer,5442
32,25-07-2023,33455,Staging,38228,good,1GYS3HKJXLR245967,No offer.,48000,46425,44220,,No offer,46680,19575,19575,No offer,23511
33,25-07-2023,34994,Staging,33479,good,3VWT17AT1HM820105,No offer.,22000,22600,21665,,No offer,25547,4975,4975,No offer,0
34,25-07-2023,34997,Staging,25067,good,1FMCU9J95JUB36519,No offer.,18600,18625,16267,,No offer,19154,6150,6150,No offer,19784
35,26-07-2023,1463,Staging,84000,good,SHHFK7H57HU215805,No offer.,13000,12450,10897,,No offer,12834,5890,5890,No offer,14603
36,26-07-2023,1810,Staging,16961,good,1N4AA6CV5LC384085,No offer.,We'd like to see your Nissan Maxima,23650,18879,,No offer,20477,5815,5815,No offer,19665
37,26-07-2023,1876,Staging,70577,good,5GAKVBKD1HJ324328,No offer.,We'd like to see your Buick Enclave,14900,17047,,No offer,17322,3575,3575,No offer,17438
38,26-07-2023,3048,Staging,110500,good,KL4CJASB6HB003557,No offer.,5000,6800,5768,,No offer,6850,2070,2070,No offer,4897
39,26-07-2023,3054,Staging,144389,good,1J4BA3H11AL196805,No offer.,We'd like to see your Jeep Wrangler,7950,6690,,No offer,Already an active offer,4580,4580,No offer,5591
40,26-07-2023,3057,Staging,41766,good,JF2GTABC9M8265611,No offer.,We'd like to see your Subaru Crosstrek,19150,19850,,No offer,"Sorry, your vehicle doesn't qualify for an Instant Cash Offer",5830,5830,No offer,20013
41,26-07-2023,3057,Staging,60504,good,3GNKBDRSXMS506018,No offer.,We'd like to see your Chevrolet Blazer,20275,20202,,No offer,23826,7370,7370,No offer,23784
42,26-07-2023,3062,Staging,30000,good,JA4AR3AU3LU026824,No offer.,17400,17425,12115,,No offer,16072,4735,4735,No offer,16627
43,26-07-2023,3064,Staging,71000,good,1C6RR7PM3FS754187,No offer.,21600,23600,19997,,No offer,25142,7830,7830,No offer,23463
44,26-07-2023,3103,Staging,8700,good,JA4AR3AU3LU026824,No offer,19600,18925,13196,,No offer,Already an active offer,5155,5155,No offer,No offer.
45,26-07-2023,3103,Staging,8700,good,JTMD6RFV5ND052067,No offer.,No offer.,38050,29281,,No offer,"Sorry, your vehicle doesn't qualify for an Instant Cash Offer",15185,15185,No offer,26757
46,26-07-2023,3109,Staging,78000,good,1GKKRRKD6GJ207343,No offer.,We'd like to see your GMC Acadia,13725,7210,,No offer,13964,3255,3255,No offer,5031
47,26-07-2023,3110,Staging,30190,good,5TDGZRBHXMS527784,No offer.,We'd like to see your Toyota Highlander,32225,25936,,No offer,30542,14690,14690,No offer,30117
48,26-07-2023,3110,Staging,113500,good,1J4BA3H11AL196805,No offer.,We'd like to see your Jeep Wrangler,9975,6690,,No offer,9765,4580,4580,No offer,3352
49,26-07-2023,33442,Staging,93387,good,KM8J3CA42JU620367,No offer.,We'd like to see your Hyundai Tucson,12525,12702,,No offer,11702,5560,5560,No offer,12446
50,26-07-2023,34950,Staging,6926,good,1GNEVJKW9NJ183941,No offer.,We'd like to see your Chevrolet Traverse,37150,36420,,No offer,39926,8600,8600,No offer,40584
51,26-07-2023,34952,Staging,84000,good,1C4RJFCG4JC200265,No offer.,We'd like to see your Jeep Grand Cherokee,20575,19823,,No offer,20626,7565,7565,No offer,20626
52,26-07-2023,34986,Staging,25088,good,2FMPK4G92LBA03100,No offer.,No offer.,19450,300,,No offer,21086,6140,6140,No offer,10006
53,26-07-2023,39531,Staging,5564,good,2FMPK4AP6LBB30651,No offer.,We'd like to see your Ford Edge,31950,28140,,No offer,"Sorry, your vehicle doesn't qualify for an Instant Cash Offer",8210,8210,No offer,31958
54,26-07-2023,49531,Staging,5564,good,2FMPK4AP6LBB30651,No offer.,No offer.,31950,26476,No offer.,No offer,No offer.,No offer.,No offer,No offer,31817
