[
    {
        "S No": "0",
        "site_name": "192.46.190.114"
    },
    {
        "S No": "1",
        "site_name": "192.53.66.129"
    },
    {
        "S No": "2",
        "site_name": "216.98.227.179"
    },
    {
        "S No": "3",
        "site_name": "192.46.200.168"
    },
    {
        "S No": "4",
        "site_name": "192.53.69.27"
    },
    {
        "S No": "5",
        "site_name": "192.53.142.145"
    },
    {
        "S No": "6",
        "site_name": "63.161.24.177"
    },
    {
        "S No": "7",
        "site_name": ""
    },
    {
        "S No": "8",
        "site_name": "63.161.31.209"
    },
    {
        "S No": "9",
        "site_name": ""
    },
    {
        "S No": "10",
        "site_name": ""
    },
    {
        "S No": "11",
        "site_name": "63.161.26.188"
    },
    {
        "S No": "12",
        "site_name": "192.53.137.106"
    },
    {
        "S No": "13",
        "site_name": "63.161.23.159"
    },
    {
        "S No": "14",
        "site_name": "63.161.24.96"
    },
    {
        "S No": "15",
        "site_name": "216.98.227.67"
    },
    {
        "S No": "16",
        "site_name": "63.161.25.26"
    },
    {
        "S No": "17",
        "site_name": "63.161.29.134"
    },
    {
        "S No": "18",
        "site_name": "192.46.189.179"
    },
    {
        "S No": "19",
        "site_name": "193.160.80.243"
    },
    {
        "S No": "20",
        "site_name": "63.161.23.209"
    },
    {
        "S No": "21",
        "site_name": "216.98.243.169"
    },
    {
        "S No": "22",
        "site_name": "192.53.142.10"
    },
    {
        "S No": "23",
        "site_name": "216.98.243.169"
    },
    {
        "S No": "24",
        "site_name": "63.141.58.65"
    },
    {
        "S No": "25",
        "site_name": "192.46.203.248"
    },
    {
        "S No": "26",
        "site_name": "192.46.189.173"
    },
    {
        "S No": "27",
        "site_name": "192.46.188.23"
    },
    {
        "S No": "28",
        "site_name": "63.161.28.57"
    },
    {
        "S No": "29",
        "site_name": "216.98.235.147"
    },
    {
        "S No": "30",
        "site_name": "192.53.137.2"
    },
    {
        "S No": "31",
        "site_name": "63.161.31.158"
    },
    {
        "S No": "32",
        "site_name": "185.253.122.145"
    },
    {
        "S No": "33",
        "site_name": "45.248.55.251"
    },
    {
        "S No": "34",
        "site_name": "192.53.137.28"
    },
    {
        "S No": "35",
        "site_name": "216.98.231.101"
    },
    {
        "S No": "36",
        "site_name": "192.46.187.47"
    },
    {
        "S No": "37",
        "site_name": "192.46.187.47"
    },
    {
        "S No": "38",
        "site_name": "192.46.203.193"
    },
    {
        "S No": "39",
        "site_name": "192.46.185.79"
    },
    {
        "S No": "40",
        "site_name": "63.141.58.154"
    },
    {
        "S No": "41",
        "site_name": "63.161.28.129"
    },
    {
        "S No": "42",
        "site_name": "192.46.189.19"
    },
    {
        "S No": "43",
        "site_name": "63.141.58.154"
    },
    {
        "S No": "44",
        "site_name": "192.46.189.173"
    },
    {
        "S No": "45",
        "site_name": "192.46.188.23"
    },
    {
        "S No": "46",
        "site_name": "216.98.227.179"
    },
    {
        "S No": "47",
        "site_name": "216.98.243.114"
    },
    {
        "S No": "48",
        "site_name": "63.161.17.121"
    },
    {
        "S No": "49",
        "site_name": "216.98.227.48"
    },
    {
        "S No": "50",
        "site_name": "216.98.243.244"
    },
    {
        "S No": "51",
        "site_name": "216.98.235.147"
    },
    {
        "S No": "52",
        "site_name": "216.98.235.2"
    },
    {
        "S No": "53",
        "site_name": "216.98.235.2"
    },
    {
        "S No": "54",
        "site_name": "193.160.80.243"
    },
    {
        "S No": "55",
        "site_name": "193.160.80.243"
    },
    {
        "S No": "56",
        "site_name": "192.53.70.76"
    },
    {
        "S No": "57",
        "site_name": "216.98.243.169"
    },
    {
        "S No": "58",
        "site_name": "216.98.235.65"
    },
    {
        "S No": "59",
        "site_name": "45.248.55.65"
    },
    {
        "S No": "60",
        "site_name": "216.98.235.38"
    },
    {
        "S No": "61",
        "site_name": "63.161.28.237"
    },
    {
        "S No": "62",
        "site_name": "216.98.235.143"
    },
    {
        "S No": "63",
        "site_name": "216.98.235.143"
    },
    {
        "S No": "64",
        "site_name": "192.53.137.2"
    },
    {
        "S No": "65",
        "site_name": "193.160.80.243"
    },
    {
        "S No": "66",
        "site_name": ""
    },
    {
        "S No": "67",
        "site_name": "216.98.235.2"
    },
    {
        "S No": "68",
        "site_name": "216.98.235.143"
    },
    {
        "S No": "69",
        "site_name": "216.98.233.69"
    },
    {
        "S No": "70",
        "site_name": "192.145.71.1"
    },
    {
        "S No": "71",
        "site_name": "216.98.233.69"
    },
    {
        "S No": "72",
        "site_name": "216.98.231.184"
    },
    {
        "S No": "73",
        "site_name": "63.161.31.158"
    },
    {
        "S No": "74",
        "site_name": "63.161.24.96"
    },
    {
        "S No": "75",
        "site_name": "63.161.23.202"
    },
    {
        "S No": "76",
        "site_name": "63.161.18.159"
    },
    {
        "S No": "77",
        "site_name": "192.53.66.129"
    },
    {
        "S No": "78",
        "site_name": "192.53.66.129"
    },
    {
        "S No": "79",
        "site_name": "63.161.28.187"
    },
    {
        "S No": "80",
        "site_name": "192.53.142.36"
    },
    {
        "S No": "81",
        "site_name": "192.53.142.36"
    },
    {
        "S No": "82",
        "site_name": "216.98.235.147"
    },
    {
        "S No": "83",
        "site_name": "63.161.24.96"
    },
    {
        "S No": "84",
        "site_name": "207.13.199.6"
    },
    {
        "S No": "85",
        "site_name": "207.13.199.6"
    },
    {
        "S No": "86",
        "site_name": "185.253.122.145"
    },
    {
        "S No": "87",
        "site_name": "206.228.113.234"
    },
    {
        "S No": "88",
        "site_name": "63.161.28.44"
    },
    {
        "S No": "89",
        "site_name": "192.46.189.173"
    },
    {
        "S No": "90",
        "site_name": "216.98.233.186"
    },
    {
        "S No": "91",
        "site_name": "63.161.31.116"
    },
    {
        "S No": "92",
        "site_name": "216.98.233.69"
    },
    {
        "S No": "93",
        "site_name": "63.141.58.229"
    },
    {
        "S No": "94",
        "site_name": "216.98.243.114"
    },
    {
        "S No": "95",
        "site_name": "216.98.235.142"
    },
    {
        "S No": "96",
        "site_name": "63.141.58.65"
    },
    {
        "S No": "97",
        "site_name": "206.228.114.168"
    },
    {
        "S No": "98",
        "site_name": "216.98.235.25"
    },
    {
        "S No": "99",
        "site_name": "216.98.231.215"
    },
    {
        "S No": "100",
        "site_name": "192.46.200.192"
    },
    {
        "S No": "101",
        "site_name": "193.160.83.142"
    },
    {
        "S No": "102",
        "site_name": "193.160.83.142"
    },
    {
        "S No": "103",
        "site_name": "206.228.113.181"
    },
    {
        "S No": "104",
        "site_name": "216.98.235.143"
    },
    {
        "S No": "105",
        "site_name": "198.145.103.49"
    },
    {
        "S No": "106",
        "site_name": "192.46.185.128"
    },
    {
        "S No": "107",
        "site_name": "63.161.29.39"
    },
    {
        "S No": "108",
        "site_name": "216.98.235.2"
    },
    {
        "S No": "109",
        "site_name": "216.98.233.186"
    },
    {
        "S No": "110",
        "site_name": "216.98.243.61"
    },
    {
        "S No": "111",
        "site_name": "206.228.114.125"
    },
    {
        "S No": "112",
        "site_name": "192.53.137.51"
    },
    {
        "S No": "113",
        "site_name": "63.161.24.177"
    },
    {
        "S No": "114",
        "site_name": "206.228.115.20"
    },
    {
        "S No": "115",
        "site_name": ""
    },
    {
        "S No": "116",
        "site_name": "206.228.114.168"
    },
    {
        "S No": "117",
        "site_name": "192.46.200.192"
    },
    {
        "S No": "118",
        "site_name": ""
    },
    {
        "S No": "119",
        "site_name": ""
    },
    {
        "S No": "120",
        "site_name": "192.46.188.23"
    },
    {
        "S No": "121",
        "site_name": "63.161.23.202"
    },
    {
        "S No": "122",
        "site_name": "216.98.235.2"
    },
    {
        "S No": "123",
        "site_name": "206.228.117.143"
    },
    {
        "S No": "124",
        "site_name": "63.161.31.100"
    },
    {
        "S No": "125",
        "site_name": "63.161.18.102"
    },
    {
        "S No": "126",
        "site_name": "216.98.233.69"
    },
    {
        "S No": "127",
        "site_name": "192.53.142.14"
    },
    {
        "S No": "128",
        "site_name": "206.228.114.168"
    },
    {
        "S No": "129",
        "site_name": "192.145.71.1"
    },
    {
        "S No": "130",
        "site_name": "216.98.230.160"
    },
    {
        "S No": "131",
        "site_name": "63.161.29.134"
    },
    {
        "S No": "132",
        "site_name": "63.161.29.134"
    },
    {
        "S No": "133",
        "site_name": "192.46.185.128"
    },
    {
        "S No": "134",
        "site_name": "193.160.83.108"
    },
    {
        "S No": "135",
        "site_name": "193.160.83.108"
    },
    {
        "S No": "136",
        "site_name": "63.161.25.26"
    },
    {
        "S No": "137",
        "site_name": "192.46.185.30"
    },
    {
        "S No": "138",
        "site_name": "192.53.138.54"
    },
    {
        "S No": "139",
        "site_name": "192.46.187.170"
    },
    {
        "S No": "140",
        "site_name": "63.161.28.44"
    },
    {
        "S No": "141",
        "site_name": "63.161.28.44"
    },
    {
        "S No": "142",
        "site_name": "63.161.25.112"
    },
    {
        "S No": "143",
        "site_name": "206.228.117.143"
    },
    {
        "S No": "144",
        "site_name": "192.145.71.1"
    },
    {
        "S No": "145",
        "site_name": "193.160.82.178"
    },
    {
        "S No": "146",
        "site_name": "63.161.18.159"
    },
    {
        "S No": "147",
        "site_name": "192.145.71.1"
    },
    {
        "S No": "148",
        "site_name": "206.228.115.72"
    },
    {
        "S No": "149",
        "site_name": "192.53.70.105"
    },
    {
        "S No": "150",
        "site_name": "192.53.137.11"
    },
    {
        "S No": "151",
        "site_name": "193.160.80.243"
    },
    {
        "S No": "152",
        "site_name": "63.161.23.202"
    },
    {
        "S No": "153",
        "site_name": "63.161.24.177"
    },
    {
        "S No": "154",
        "site_name": "192.46.185.30"
    },
    {
        "S No": "155",
        "site_name": "216.98.233.114"
    },
    {
        "S No": "156",
        "site_name": "192.46.189.173"
    },
    {
        "S No": "157",
        "site_name": "216.98.235.143"
    },
    {
        "S No": "158",
        "site_name": "207.13.199.158"
    },
    {
        "S No": "159",
        "site_name": "216.98.231.215"
    },
    {
        "S No": "160",
        "site_name": "198.145.103.91"
    },
    {
        "S No": "161",
        "site_name": "63.161.18.102"
    },
    {
        "S No": "162",
        "site_name": "192.53.138.123"
    },
    {
        "S No": "163",
        "site_name": "63.141.58.229"
    },
    {
        "S No": "164",
        "site_name": "206.228.113.20"
    },
    {
        "S No": "165",
        "site_name": "198.145.103.91"
    },
    {
        "S No": "166",
        "site_name": "216.98.231.215"
    },
    {
        "S No": "167",
        "site_name": "63.141.58.229"
    },
    {
        "S No": "168",
        "site_name": "216.98.233.69"
    },
    {
        "S No": "169",
        "site_name": ""
    },
    {
        "S No": "170",
        "site_name": "192.53.137.51"
    },
    {
        "S No": "171",
        "site_name": "216.98.235.142"
    },
    {
        "S No": "172",
        "site_name": "216.98.230.160"
    },
    {
        "S No": "173",
        "site_name": "192.53.137.106"
    },
    {
        "S No": "174",
        "site_name": "216.98.243.61"
    },
    {
        "S No": "175",
        "site_name": "192.46.185.30"
    },
    {
        "S No": "176",
        "site_name": "192.46.190.1"
    },
    {
        "S No": "177",
        "site_name": "216.98.233.114"
    },
    {
        "S No": "178",
        "site_name": "63.161.23.159"
    },
    {
        "S No": "179",
        "site_name": "216.98.235.143"
    },
    {
        "S No": "180",
        "site_name": "216.98.235.143"
    },
    {
        "S No": "181",
        "site_name": "206.228.115.72"
    },
    {
        "S No": "182",
        "site_name": "185.253.122.145"
    },
    {
        "S No": "183",
        "site_name": "206.228.114.168"
    },
    {
        "S No": "184",
        "site_name": "63.161.18.159"
    },
    {
        "S No": "185",
        "site_name": "192.53.70.157"
    },
    {
        "S No": "186",
        "site_name": "216.98.235.142"
    },
    {
        "S No": "187",
        "site_name": "216.98.230.160"
    },
    {
        "S No": "188",
        "site_name": "63.161.23.202"
    },
    {
        "S No": "189",
        "site_name": "193.160.80.243"
    },
    {
        "S No": "190",
        "site_name": "216.98.233.114"
    },
    {
        "S No": "191",
        "site_name": "193.160.80.243"
    },
    {
        "S No": "192",
        "site_name": "192.145.71.108"
    },
    {
        "S No": "193",
        "site_name": "192.46.187.238"
    },
    {
        "S No": "194",
        "site_name": "192.46.185.30"
    },
    {
        "S No": "195",
        "site_name": "216.98.233.69"
    },
    {
        "S No": "196",
        "site_name": "192.46.185.128"
    },
    {
        "S No": "197",
        "site_name": "216.98.231.184"
    },
    {
        "S No": "198",
        "site_name": ""
    },
    {
        "S No": "199",
        "site_name": "216.98.235.142"
    },
    {
        "S No": "200",
        "site_name": "206.228.117.143"
    },
    {
        "S No": "201",
        "site_name": "216.98.235.143"
    },
    {
        "S No": "202",
        "site_name": "206.228.115.72"
    },
    {
        "S No": "203",
        "site_name": "192.53.70.105"
    },
    {
        "S No": "204",
        "site_name": "216.98.235.143"
    },
    {
        "S No": "205",
        "site_name": "63.161.24.96"
    },
    {
        "S No": "206",
        "site_name": "192.46.188.23"
    },
    {
        "S No": "207",
        "site_name": "63.161.28.187"
    },
    {
        "S No": "208",
        "site_name": "192.53.69.235"
    },
    {
        "S No": "209",
        "site_name": "63.161.25.112"
    },
    {
        "S No": "210",
        "site_name": "216.98.231.215"
    },
    {
        "S No": "211",
        "site_name": "192.46.187.170"
    },
    {
        "S No": "212",
        "site_name": "216.98.243.169"
    },
    {
        "S No": "213",
        "site_name": "192.53.138.123"
    },
    {
        "S No": "214",
        "site_name": "206.228.118.117"
    },
    {
        "S No": "215",
        "site_name": "192.53.138.54"
    },
    {
        "S No": "216",
        "site_name": "63.161.24.106"
    },
    {
        "S No": "217",
        "site_name": "63.161.29.134"
    },
    {
        "S No": "218",
        "site_name": ""
    },
    {
        "S No": "219",
        "site_name": ""
    },
    {
        "S No": "220",
        "site_name": "192.53.142.10"
    },
    {
        "S No": "221",
        "site_name": "192.46.187.23"
    },
    {
        "S No": "222",
        "site_name": "192.46.203.248"
    },
    {
        "S No": "223",
        "site_name": "192.53.137.11"
    },
    {
        "S No": "224",
        "site_name": "216.98.233.114"
    },
    {
        "S No": "225",
        "site_name": "192.53.137.2"
    },
    {
        "S No": "226",
        "site_name": "63.141.58.65"
    },
    {
        "S No": "227",
        "site_name": "192.46.190.1"
    },
    {
        "S No": "228",
        "site_name": "216.98.231.215"
    },
    {
        "S No": "229",
        "site_name": "198.145.103.91"
    },
    {
        "S No": "230",
        "site_name": "216.98.233.186"
    },
    {
        "S No": "231",
        "site_name": "216.98.235.25"
    },
    {
        "S No": "232",
        "site_name": "63.161.26.188"
    },
    {
        "S No": "233",
        "site_name": "63.161.29.189"
    },
    {
        "S No": "234",
        "site_name": "216.98.235.2"
    },
    {
        "S No": "235",
        "site_name": "63.161.18.159"
    },
    {
        "S No": "236",
        "site_name": "216.98.235.147"
    },
    {
        "S No": "237",
        "site_name": "63.161.25.26"
    },
    {
        "S No": "238",
        "site_name": "63.161.23.209"
    },
    {
        "S No": "239",
        "site_name": "63.161.25.26"
    },
    {
        "S No": "240",
        "site_name": "207.13.199.209"
    },
    {
        "S No": "241",
        "site_name": "63.141.58.229"
    },
    {
        "S No": "242",
        "site_name": "63.161.31.116"
    },
    {
        "S No": "243",
        "site_name": "216.98.243.61"
    },
    {
        "S No": "244",
        "site_name": "63.161.26.188"
    },
    {
        "S No": "245",
        "site_name": "63.141.58.65"
    },
    {
        "S No": "246",
        "site_name": "216.98.233.69"
    },
    {
        "S No": "247",
        "site_name": "192.53.142.36"
    },
    {
        "S No": "248",
        "site_name": "192.53.138.123"
    },
    {
        "S No": "249",
        "site_name": "198.145.103.49"
    },
    {
        "S No": "250",
        "site_name": "192.53.137.2"
    },
    {
        "S No": "251",
        "site_name": "192.46.201.124"
    },
    {
        "S No": "252",
        "site_name": "192.53.142.36"
    },
    {
        "S No": "253",
        "site_name": "216.98.235.143"
    },
    {
        "S No": "254",
        "site_name": "193.160.82.178"
    },
    {
        "S No": "255",
        "site_name": "63.161.28.237"
    },
    {
        "S No": "256",
        "site_name": "192.46.185.128"
    },
    {
        "S No": "257",
        "site_name": "193.160.83.142"
    },
    {
        "S No": "258",
        "site_name": "63.161.26.188"
    },
    {
        "S No": "259",
        "site_name": "63.161.29.39"
    },
    {
        "S No": "260",
        "site_name": "206.228.114.125"
    },
    {
        "S No": "261",
        "site_name": "192.46.187.238"
    },
    {
        "S No": "262",
        "site_name": "206.228.118.117"
    },
    {
        "S No": "263",
        "site_name": "198.145.103.91"
    },
    {
        "S No": "264",
        "site_name": "63.161.31.209"
    },
    {
        "S No": "265",
        "site_name": "206.228.114.125"
    },
    {
        "S No": "266",
        "site_name": "192.46.189.173"
    },
    {
        "S No": "267",
        "site_name": "192.53.137.2"
    },
    {
        "S No": "268",
        "site_name": "206.228.113.234"
    },
    {
        "S No": "269",
        "site_name": "192.53.142.14"
    },
    {
        "S No": "270",
        "site_name": "192.53.137.11"
    },
    {
        "S No": "271",
        "site_name": "63.161.29.134"
    },
    {
        "S No": "272",
        "site_name": "216.98.233.186"
    },
    {
        "S No": "273",
        "site_name": "216.98.243.61"
    },
    {
        "S No": "274",
        "site_name": "192.46.187.238"
    },
    {
        "S No": "275",
        "site_name": "63.161.28.57"
    },
    {
        "S No": "276",
        "site_name": "206.228.115.20"
    },
    {
        "S No": "277",
        "site_name": "192.53.69.235"
    },
    {
        "S No": "278",
        "site_name": "63.161.25.112"
    },
    {
        "S No": "279",
        "site_name": "63.161.26.188"
    },
    {
        "S No": "280",
        "site_name": "216.98.235.25"
    },
    {
        "S No": "281",
        "site_name": "63.161.29.189"
    },
    {
        "S No": "282",
        "site_name": "216.98.235.2"
    },
    {
        "S No": "283",
        "site_name": "192.53.70.249"
    },
    {
        "S No": "284",
        "site_name": "63.141.62.131"
    },
    {
        "S No": "285",
        "site_name": "63.161.25.112"
    },
    {
        "S No": "286",
        "site_name": "216.98.235.25"
    },
    {
        "S No": "287",
        "site_name": "192.53.70.157"
    },
    {
        "S No": "288",
        "site_name": "216.98.243.61"
    },
    {
        "S No": "289",
        "site_name": "216.98.230.160"
    },
    {
        "S No": "290",
        "site_name": "192.46.188.23"
    },
    {
        "S No": "291",
        "site_name": "198.145.103.35"
    },
    {
        "S No": "292",
        "site_name": "63.161.24.96"
    },
    {
        "S No": "293",
        "site_name": "192.46.200.192"
    },
    {
        "S No": "294",
        "site_name": "192.53.138.54"
    },
    {
        "S No": "295",
        "site_name": "206.228.117.175"
    },
    {
        "S No": "296",
        "site_name": "216.98.235.143"
    },
    {
        "S No": "297",
        "site_name": "216.98.233.69"
    },
    {
        "S No": "298",
        "site_name": "63.161.24.96"
    },
    {
        "S No": "299",
        "site_name": "193.160.80.243"
    },
    {
        "S No": "300",
        "site_name": "192.53.66.129"
    },
    {
        "S No": "301",
        "site_name": "206.228.115.20"
    },
    {
        "S No": "302",
        "site_name": "63.161.23.209"
    },
    {
        "S No": "303",
        "site_name": "63.141.62.131"
    },
    {
        "S No": "304",
        "site_name": "63.141.62.131"
    },
    {
        "S No": "305",
        "site_name": "63.161.29.134"
    },
    {
        "S No": "306",
        "site_name": "216.98.235.25"
    },
    {
        "S No": "307",
        "site_name": "198.145.103.35"
    },
    {
        "S No": "308",
        "site_name": "192.53.138.54"
    },
    {
        "S No": "309",
        "site_name": "216.98.235.25"
    },
    {
        "S No": "310",
        "site_name": "216.98.235.147"
    },
    {
        "S No": "311",
        "site_name": "198.145.103.35"
    },
    {
        "S No": "312",
        "site_name": "216.98.231.184"
    },
    {
        "S No": "313",
        "site_name": "216.98.233.69"
    },
    {
        "S No": "314",
        "site_name": "63.161.18.102"
    },
    {
        "S No": "315",
        "site_name": "216.98.233.69"
    },
    {
        "S No": "316",
        "site_name": "206.228.115.72"
    },
    {
        "S No": "317",
        "site_name": "216.98.233.114"
    },
    {
        "S No": "318",
        "site_name": "63.141.62.131"
    },
    {
        "S No": "319",
        "site_name": "216.98.243.61"
    },
    {
        "S No": "320",
        "site_name": "216.98.230.160"
    },
    {
        "S No": "321",
        "site_name": "63.161.29.134"
    },
    {
        "S No": "322",
        "site_name": "198.145.103.49"
    },
    {
        "S No": "323",
        "site_name": "45.248.55.238"
    },
    {
        "S No": "324",
        "site_name": "216.98.235.142"
    },
    {
        "S No": "325",
        "site_name": "192.53.137.106"
    },
    {
        "S No": "326",
        "site_name": "192.53.137.51"
    },
    {
        "S No": "327",
        "site_name": "193.160.80.243"
    },
    {
        "S No": "328",
        "site_name": "63.161.23.159"
    },
    {
        "S No": "329",
        "site_name": "207.13.199.158"
    },
    {
        "S No": "330",
        "site_name": "216.98.243.114"
    },
    {
        "S No": "331",
        "site_name": "206.228.117.175"
    },
    {
        "S No": "332",
        "site_name": "192.46.200.79"
    },
    {
        "S No": "333",
        "site_name": "216.98.243.114"
    },
    {
        "S No": "334",
        "site_name": "192.46.200.79"
    },
    {
        "S No": "335",
        "site_name": "216.98.230.160"
    },
    {
        "S No": "336",
        "site_name": "216.98.235.2"
    },
    {
        "S No": "337",
        "site_name": "216.98.235.147"
    },
    {
        "S No": "338",
        "site_name": "216.98.235.147"
    },
    {
        "S No": "339",
        "site_name": "216.98.235.2"
    },
    {
        "S No": "340",
        "site_name": "216.98.235.142"
    },
    {
        "S No": "341",
        "site_name": "216.98.235.2"
    },
    {
        "S No": "342",
        "site_name": "216.98.235.147"
    },
    {
        "S No": "343",
        "site_name": "216.98.235.147"
    },
    {
        "S No": "344",
        "site_name": "206.228.115.20"
    },
    {
        "S No": "345",
        "site_name": "206.228.115.20"
    },
    {
        "S No": "346",
        "site_name": "206.228.115.72"
    },
    {
        "S No": "347",
        "site_name": "206.228.115.72"
    },
    {
        "S No": "348",
        "site_name": "63.161.31.209"
    },
    {
        "S No": "349",
        "site_name": "63.161.28.57"
    },
    {
        "S No": "350",
        "site_name": "63.161.28.57"
    },
    {
        "S No": "351",
        "site_name": "193.160.82.178"
    },
    {
        "S No": "352",
        "site_name": "193.160.82.178"
    },
    {
        "S No": "353",
        "site_name": "192.46.190.1"
    },
    {
        "S No": "354",
        "site_name": "192.46.190.1"
    },
    {
        "S No": "355",
        "site_name": "63.161.31.100"
    },
    {
        "S No": "356",
        "site_name": "63.161.31.100"
    },
    {
        "S No": "357",
        "site_name": "216.98.230.160"
    },
    {
        "S No": "358",
        "site_name": "216.98.230.160"
    },
    {
        "S No": "359",
        "site_name": "216.98.231.184"
    },
    {
        "S No": "360",
        "site_name": "216.98.231.184"
    },
    {
        "S No": "361",
        "site_name": "63.161.29.134"
    },
    {
        "S No": "362",
        "site_name": "63.161.29.134"
    },
    {
        "S No": "363",
        "site_name": "63.141.58.65"
    },
    {
        "S No": "364",
        "site_name": "63.141.58.65"
    },
    {
        "S No": "365",
        "site_name": "63.141.58.65"
    },
    {
        "S No": "366",
        "site_name": "63.141.58.65"
    },
    {
        "S No": "367",
        "site_name": "216.98.235.147"
    },
    {
        "S No": "368",
        "site_name": "216.98.243.61"
    },
    {
        "S No": "369",
        "site_name": "216.98.243.61"
    },
    {
        "S No": "370",
        "site_name": "192.46.190.74"
    },
    {
        "S No": "371",
        "site_name": "192.46.190.74"
    },
    {
        "S No": "372",
        "site_name": "63.161.18.102"
    },
    {
        "S No": "373",
        "site_name": "63.161.18.102"
    },
    {
        "S No": "374",
        "site_name": "216.98.243.114"
    },
    {
        "S No": "375",
        "site_name": "192.53.142.10"
    },
    {
        "S No": "376",
        "site_name": "216.98.235.25"
    },
    {
        "S No": "377",
        "site_name": "216.98.235.25"
    },
    {
        "S No": "378",
        "site_name": "192.46.185.128"
    },
    {
        "S No": "379",
        "site_name": "192.53.138.54"
    },
    {
        "S No": "380",
        "site_name": "192.53.138.54"
    },
    {
        "S No": "381",
        "site_name": "63.161.31.158"
    },
    {
        "S No": "382",
        "site_name": "192.53.69.235"
    },
    {
        "S No": "383",
        "site_name": "185.253.122.145"
    },
    {
        "S No": "384",
        "site_name": "192.46.189.173"
    },
    {
        "S No": "385",
        "site_name": "206.228.115.20"
    },
    {
        "S No": "386",
        "site_name": "192.53.137.51"
    },
    {
        "S No": "387",
        "site_name": "192.53.70.105"
    },
    {
        "S No": "388",
        "site_name": "198.145.103.49"
    },
    {
        "S No": "389",
        "site_name": "206.228.114.183"
    },
    {
        "S No": "390",
        "site_name": ""
    },
    {
        "S No": "391",
        "site_name": ""
    },
    {
        "S No": "392",
        "site_name": "216.98.235.143"
    },
    {
        "S No": "393",
        "site_name": ""
    },
    {
        "S No": "394",
        "site_name": ""
    },
    {
        "S No": "395",
        "site_name": "206.228.114.125"
    },
    {
        "S No": "396",
        "site_name": "192.53.70.249"
    },
    {
        "S No": "397",
        "site_name": "192.53.70.90"
    },
    {
        "S No": "398",
        "site_name": "192.53.70.90"
    },
    {
        "S No": "399",
        "site_name": ""
    },
    {
        "S No": "400",
        "site_name": ""
    },
    {
        "S No": "401",
        "site_name": "216.98.230.160"
    },
    {
        "S No": "402",
        "site_name": ""
    },
    {
        "S No": "403",
        "site_name": "216.98.235.25"
    },
    {
        "S No": "404",
        "site_name": "216.98.235.25"
    },
    {
        "S No": "405",
        "site_name": "198.145.103.49"
    },
    {
        "S No": "406",
        "site_name": "207.13.199.158"
    },
    {
        "S No": "407",
        "site_name": "192.53.70.249"
    },
    {
        "S No": "408",
        "site_name": ""
    },
    {
        "S No": "409",
        "site_name": ""
    },
    {
        "S No": "410",
        "site_name": "63.141.58.65"
    },
    {
        "S No": "411",
        "site_name": "216.98.243.61"
    },
    {
        "S No": "412",
        "site_name": ""
    },
    {
        "S No": "413",
        "site_name": "192.145.71.108"
    },
    {
        "S No": "414",
        "site_name": ""
    },
    {
        "S No": "415",
        "site_name": ""
    },
    {
        "S No": "416",
        "site_name": ""
    },
    {
        "S No": "417",
        "site_name": "63.161.18.159"
    },
    {
        "S No": "418",
        "site_name": ""
    },
    {
        "S No": "419",
        "site_name": ""
    },
    {
        "S No": "420",
        "site_name": "192.46.189.179"
    },
    {
        "S No": "421",
        "site_name": "63.161.29.39"
    },
    {
        "S No": "422",
        "site_name": "192.46.200.168"
    },
    {
        "S No": "423",
        "site_name": ""
    },
    {
        "S No": "424",
        "site_name": "216.98.231.184"
    },
    {
        "S No": "425",
        "site_name": ""
    },
    {
        "S No": "426",
        "site_name": ""
    },
    {
        "S No": "427",
        "site_name": ""
    },
    {
        "S No": "428",
        "site_name": "63.161.18.159"
    },
    {
        "S No": "429",
        "site_name": "192.145.71.1"
    },
    {
        "S No": "430",
        "site_name": ""
    },
    {
        "S No": "431",
        "site_name": ""
    },
    {
        "S No": "432",
        "site_name": ""
    },
    {
        "S No": "433",
        "site_name": "192.46.190.114"
    },
    {
        "S No": "434",
        "site_name": "192.46.185.30"
    },
    {
        "S No": "435",
        "site_name": "207.13.199.6"
    },
    {
        "S No": "436",
        "site_name": "206.228.113.20"
    },
    {
        "S No": "437",
        "site_name": "192.46.189.173"
    },
    {
        "S No": "438",
        "site_name": "216.98.243.114"
    },
    {
        "S No": "439",
        "site_name": ""
    },
    {
        "S No": "440",
        "site_name": ""
    },
    {
        "S No": "441",
        "site_name": ""
    },
    {
        "S No": "442",
        "site_name": "192.46.200.79"
    },
    {
        "S No": "443",
        "site_name": "193.160.83.142"
    },
    {
        "S No": "444",
        "site_name": "192.46.189.179"
    },
    {
        "S No": "445",
        "site_name": "192.53.137.2"
    },
    {
        "S No": "446",
        "site_name": "192.53.137.2"
    },
    {
        "S No": "447",
        "site_name": "192.145.71.108"
    },
    {
        "S No": "448",
        "site_name": "192.46.201.124"
    },
    {
        "S No": "449",
        "site_name": ""
    },
    {
        "S No": "450",
        "site_name": ""
    },
    {
        "S No": "451",
        "site_name": "63.141.58.65"
    },
    {
        "S No": "452",
        "site_name": ""
    },
    {
        "S No": "453",
        "site_name": ""
    },
    {
        "S No": "454",
        "site_name": ""
    },
    {
        "S No": "455",
        "site_name": "63.161.26.188"
    },
    {
        "S No": "456",
        "site_name": "206.228.118.117"
    },
    {
        "S No": "457",
        "site_name": ""
    },
    {
        "S No": "458",
        "site_name": ""
    },
    {
        "S No": "459",
        "site_name": "206.228.115.20"
    },
    {
        "S No": "460",
        "site_name": "192.46.190.74"
    },
    {
        "S No": "461",
        "site_name": "206.228.113.181"
    },
    {
        "S No": "462",
        "site_name": ""
    },
    {
        "S No": "463",
        "site_name": ""
    },
    {
        "S No": "464",
        "site_name": ""
    },
    {
        "S No": "465",
        "site_name": ""
    },
    {
        "S No": "466",
        "site_name": ""
    },
    {
        "S No": "467",
        "site_name": ""
    },
    {
        "S No": "468",
        "site_name": ""
    },
    {
        "S No": "469",
        "site_name": ""
    },
    {
        "S No": "470",
        "site_name": ""
    },
    {
        "S No": "471",
        "site_name": ""
    },
    {
        "S No": "472",
        "site_name": ""
    },
    {
        "S No": "473",
        "site_name": ""
    },
    {
        "S No": "474",
        "site_name": ""
    }
]